-- MySQL dump 10.13  Distrib 8.0.26, for Linux (aarch64)
--
-- Host: localhost    Database: sm
-- ------------------------------------------------------
-- Server version	8.0.26

/*!40101 SET @OLD_CHARACTER_SET_CLIENT=@@CHARACTER_SET_CLIENT */;
/*!40101 SET @OLD_CHARACTER_SET_RESULTS=@@CHARACTER_SET_RESULTS */;
/*!40101 SET @OLD_COLLATION_CONNECTION=@@COLLATION_CONNECTION */;
/*!50503 SET NAMES utf8mb4 */;
/*!40103 SET @OLD_TIME_ZONE=@@TIME_ZONE */;
/*!40103 SET TIME_ZONE='+00:00' */;
/*!40014 SET @OLD_UNIQUE_CHECKS=@@UNIQUE_CHECKS, UNIQUE_CHECKS=0 */;
/*!40014 SET @OLD_FOREIGN_KEY_CHECKS=@@FOREIGN_KEY_CHECKS, FOREIGN_KEY_CHECKS=0 */;
/*!40101 SET @OLD_SQL_MODE=@@SQL_MODE, SQL_MODE='NO_AUTO_VALUE_ON_ZERO' */;
/*!40111 SET @OLD_SQL_NOTES=@@SQL_NOTES, SQL_NOTES=0 */;

--
-- Dumping data for table `sys_area`
--

LOCK TABLES `sys_area` WRITE;
/*!40000 ALTER TABLE `sys_area` DISABLE KEYS */;
INSERT INTO `sys_area` VALUES ('04f1be35b9444a68ae5e4b313b305e20','北京市','8154351c3ab14bd0b26d70db2db77a78','P','86010','1','1','1','2023-04-26 06:21:04','1','2023-04-26 06:21:04'),('0c4a0e8001d94d2e96e3f201f12c0ac1','北京市','04f1be35b9444a68ae5e4b313b305e20','M','8601001','1','1','1','2023-04-26 06:23:44','1','2023-04-26 06:23:44'),('1bfcbb540a9148909adfe67f1aa475dc','朝阳区','0c4a0e8001d94d2e96e3f201f12c0ac1','A','860100103','1','1','1','2023-04-26 06:25:22','1','2023-04-26 06:25:22'),('2e73df9f4c2a4639bad7dbe187f75261','东城区','0c4a0e8001d94d2e96e3f201f12c0ac1','A','860100101','1','1','1','2023-04-26 06:24:23','1','2023-04-26 06:24:23'),('5e953b3b6d484b4887af737011dd2cc5','西城区','0c4a0e8001d94d2e96e3f201f12c0ac1','A','860100102','1','1','1','2023-04-26 06:24:54','1','2023-04-26 06:24:54'),('7518f58a45484a619502c6a2c73f0277','海淀区','0c4a0e8001d94d2e96e3f201f12c0ac1','A','860100104','1','1','1','2023-04-26 06:27:58','1','2023-04-26 06:28:21'),('8154351c3ab14bd0b26d70db2db77a78','中国',NULL,'C','86','1','1',NULL,NULL,NULL,NULL),('91ff64fd617f4a1d817edced32b892cb','朝阳区',NULL,'A','100012','1','a696f4e1f0ff4cd4afbdaaabc73999e7','e59274ee821e48c6a0c30f73543d4c07','2024-08-20 15:09:07','77b32964f7b8480288d65e54f08d7bbb','2025-06-16 04:44:33');
/*!40000 ALTER TABLE `sys_area` ENABLE KEYS */;
UNLOCK TABLES;

--
-- Dumping data for table `sys_data_right`
--

LOCK TABLES `sys_data_right` WRITE;
/*!40000 ALTER TABLE `sys_data_right` DISABLE KEYS */;
INSERT INTO `sys_data_right` VALUES ('1ffa46670be94e23a115f73c71d8c98b','TENANT_ADMIN_PRIVILEGE','租户管理员权限','S','1',NULL,'1','1','2024-08-09 17:50:15','1','2024-08-09 17:50:15'),('74c9171c8c07434489becdc055ea2334','TEST_DATA_RIGHT','测试','P','0',NULL,'1','1','2024-08-16 17:11:30','1','2025-06-24 03:46:22'),('7ca86b4403ca4846a290b9f89f69161b','ApplyOrder_Approve_Privileges','申请单审批权限','P','1',NULL,'a696f4e1f0ff4cd4afbdaaabc73999e7','1','2024-01-09 16:43:54','1','2024-01-09 16:43:54'),('8e5f2b5cd7ef44959c7f913049df3c25','PLATFORM_ADMIN_PRIVILEGES','平台管理权限','A','1','平台管理权限','1','1','2024-08-07 14:15:21','1','2024-08-07 14:15:21'),('9dd26d8ed8a54ae6a42066858dec21fe','AUDIT_PRIVILEGE','审批权限','P','1',NULL,'a696f4e1f0ff4cd4afbdaaabc73999e7','1','2023-04-26 04:28:15','1','2023-04-26 04:28:15'),('aa11abbcc61e4d01957965f1651f7096','Test_Privileges','测试权限','P','1',NULL,'a696f4e1f0ff4cd4afbdaaabc73999e7','1','2024-01-25 11:19:52','1','2024-01-25 11:19:52'),('b1995dbfc1304891a7e95c4858bfbe1e','ADMIN_PRIVILEGE','管理员权限','P','1',NULL,'a696f4e1f0ff4cd4afbdaaabc73999e7','1','2023-04-26 03:04:19','1','2023-04-26 03:04:19');
/*!40000 ALTER TABLE `sys_data_right` ENABLE KEYS */;
UNLOCK TABLES;

--
-- Dumping data for table `sys_data_right_value`
--

LOCK TABLES `sys_data_right_value` WRITE;
/*!40000 ALTER TABLE `sys_data_right_value` DISABLE KEYS */;
INSERT INTO `sys_data_right_value` VALUES ('01fcf54d26724a49a220a76511d07194','b1995dbfc1304891a7e95c4858bfbe1e','1','系统管理员','1','a696f4e1f0ff4cd4afbdaaabc73999e7','1','2023-04-26 03:04:19','1','2023-04-26 03:04:19'),('05230fd9829a451ba5cef550d8ea4666','aa11abbcc61e4d01957965f1651f7096','1','有权限','1','a696f4e1f0ff4cd4afbdaaabc73999e7','1','2024-01-25 11:19:52','1','2024-01-25 11:19:52'),('0f92cc8217db4080ab48b547cacd24ee','7ca86b4403ca4846a290b9f89f69161b','ApplyOrder_Combine','调单权限','1','a696f4e1f0ff4cd4afbdaaabc73999e7',NULL,NULL,NULL,NULL),('34f47ae4639346a28665cd06d699208a','2f3c71012ab74deb8af08827f8956214','1',NULL,'1','a696f4e1f0ff4cd4afbdaaabc73999e7','1','2023-04-26 03:07:28','1','2023-04-26 03:07:28'),('3d50c07846c6488e806d31a4704162cf','9dd26d8ed8a54ae6a42066858dec21fe','3','三级审批权限','1','a696f4e1f0ff4cd4afbdaaabc73999e7',NULL,NULL,NULL,NULL),('40551840956c4df78ce36994b081febd','2f3c71012ab74deb8af08827f8956214','2',NULL,'1','a696f4e1f0ff4cd4afbdaaabc73999e7','1','2023-04-26 03:07:28','1','2023-04-26 03:07:28'),('4aafe7a815c54152bdc515bb8bdb8bd2','9dd26d8ed8a54ae6a42066858dec21fe','1','一级审批权限','1','a696f4e1f0ff4cd4afbdaaabc73999e7','1','2023-04-26 04:28:15','1','2023-04-26 04:28:15'),('70b76893beae419780aa61234ff76efe','7ca86b4403ca4846a290b9f89f69161b','CombineOrder_GroupCorp_Leader_Approve','调单集团领导审批权限','1','a696f4e1f0ff4cd4afbdaaabc73999e7',NULL,NULL,NULL,NULL),('75d905a1e97249798a206e2d00348800','7ca86b4403ca4846a290b9f89f69161b','ApplyOrder_GroupCorp_Leader_Approve','集团领导审批权限','1','a696f4e1f0ff4cd4afbdaaabc73999e7',NULL,NULL,NULL,NULL),('997bcade114243dc81b6a0b64d075b22','b1995dbfc1304891a7e95c4858bfbe1e','2','租户管理员','1','a696f4e1f0ff4cd4afbdaaabc73999e7','1','2023-04-26 03:04:19','1','2023-04-26 03:04:19'),('9f01a18c2ce24539b8e50f6a22a6d09d','aa11abbcc61e4d01957965f1651f7096','2','超级权限','1','a696f4e1f0ff4cd4afbdaaabc73999e7',NULL,NULL,NULL,NULL),('b83fce01a00847e8996ce2d0ef28e573','7ca86b4403ca4846a290b9f89f69161b','ApplyOrder_Province_Approve','省领导审批权限','1','a696f4e1f0ff4cd4afbdaaabc73999e7',NULL,NULL,NULL,NULL),('c4a9babfeeab4c2986b071066ad956b3','8e5f2b5cd7ef44959c7f913049df3c25','ADMIN','管理权限','1','1','1','2024-08-07 14:15:21','1','2024-08-07 14:15:21'),('c72f2bc90bd840cba2c257fc6629d260','7ca86b4403ca4846a290b9f89f69161b','ApplyOrder_Data_Audit','数据审核权限','1','a696f4e1f0ff4cd4afbdaaabc73999e7','1','2024-01-09 16:43:54','1','2024-01-09 16:43:54'),('ca151941bd6b4f07af4d9552e4826eb4','9dd26d8ed8a54ae6a42066858dec21fe','2','二级审批权限','1','a696f4e1f0ff4cd4afbdaaabc73999e7',NULL,NULL,NULL,NULL),('cd0ac6f309d54424ba41dea9e1e1eab5','aa11abbcc61e4d01957965f1651f7096','0','无权限','1','a696f4e1f0ff4cd4afbdaaabc73999e7','1','2024-01-25 11:19:52','1','2024-01-25 11:19:52'),('cf059115318f46ddb03e24ab82fc3a9e','1ffa46670be94e23a115f73c71d8c98b','ADMIN','租户管理员权限','1','1','1','2024-08-09 17:50:15','1','2024-08-09 17:50:15'),('de5da081a66d404d91928161208dbff6','74c9171c8c07434489becdc055ea2334','1','1','1','1','1','2024-08-16 17:11:30','1','2024-08-16 17:11:30');
/*!40000 ALTER TABLE `sys_data_right_value` ENABLE KEYS */;
UNLOCK TABLES;

--
-- Dumping data for table `sys_dict`
--

LOCK TABLES `sys_dict` WRITE;
/*!40000 ALTER TABLE `sys_dict` DISABLE KEYS */;
INSERT INTO `sys_dict` VALUES ('0241750e46384536bd0bc6ffafdc7290','VALIDATE_STATUS','验证状态',NULL,NULL,'2','移动号码已验证',NULL,NULL,NULL,'1','1','1','2023-04-26 05:34:34','1','2023-04-26 05:34:34'),('07f9aa343a48496fb05e2f00edf444ad','SYS_CITY','地市','SYS_PROVINCE','25','571','杭州市',NULL,NULL,NULL,'1','1',NULL,NULL,'1','2023-04-25 10:48:55'),('0c927c5b2b994d639c5e99470050a1ec','HTTP_METHOD','请求类型',NULL,NULL,'GET','GET',NULL,NULL,NULL,'1','1','1','2023-04-25 11:45:00','1','2023-04-25 11:45:00'),('1393d33bb25242b394f57fa20f89afc2','AREA_LEVEL','区域级别',NULL,NULL,'A','区县',NULL,NULL,NULL,'1','1','1','2023-04-26 05:55:12','1','2023-04-26 05:55:12'),('15b6a356983143fabee015fe966b6072','ROLE_TYPE','角色类型',NULL,NULL,'D','默认',NULL,NULL,NULL,'1','1','1','2023-04-25 03:34:24','1','2023-04-25 03:34:24'),('224199e7e4a24ce4a6cf1b9498d5daa5','ROLE_TYPE','角色类型',NULL,NULL,'O','运营端',NULL,NULL,NULL,'1','1','1','2023-04-25 03:33:38','1','2023-04-25 03:33:38'),('2ccae4dd162542468400a8030e87dd12','GENDER','性别',NULL,NULL,'M','男',NULL,NULL,NULL,'1','1','1','2023-04-26 05:27:51','1','2023-04-26 05:27:51'),('2d694fdd7fcc4cc484a06105bd2a68f0','VALIDATE_STATUS','验证状态',NULL,NULL,'0','未验证',NULL,NULL,NULL,'1','1','1','2023-04-26 05:33:50','1','2023-04-26 05:33:50'),('2f69697ea58a4caab9f790e5d8113e12','AREA_LEVEL','区域级别',NULL,NULL,'M','地市',NULL,NULL,NULL,'1','1','1','2023-04-26 05:54:54','1','2023-04-26 05:54:54'),('3d5b62c99be7459c97a578572de7f1e6','AREA_LEVEL','区域级别',NULL,NULL,'T','乡镇街道',NULL,NULL,NULL,'1','1','1','2023-04-26 05:55:32','1','2023-04-26 05:55:32'),('4303bf0d6f0f4d4a950d546e62f3c9a1','TEST_DICT','测试字典',NULL,NULL,'1','初级测试',NULL,NULL,NULL,'1','1','1','2024-01-25 11:34:52','1','2024-01-25 11:39:59'),('47f075b9925f40f8a540875b76f6d5bc','USER_STATUS','用户状态',NULL,NULL,'1','正常',NULL,NULL,NULL,'1','1','1','2023-04-26 05:36:57','1','2023-04-26 05:36:57'),('4a89f170f0bc4593a86ed3be00a2c616','1111','2222',NULL,NULL,'222','33334',NULL,NULL,NULL,'1','a696f4e1f0ff4cd4afbdaaabc73999e7','e59274ee821e48c6a0c30f73543d4c07','2024-08-20 14:54:46','e59274ee821e48c6a0c30f73543d4c07','2024-08-20 14:56:02'),('4ae26dcb63424270b79b3d61c5add7fa','RIGHT_TYPE','权限资源类型',NULL,NULL,'0','菜单目录',NULL,NULL,NULL,'1','1','1','2023-04-25 10:50:52','1','2023-04-25 11:38:19'),('4b6498b5efc647818c54f4bfa140fc7e','USER_STATUS','用户状态',NULL,NULL,'3','自动锁定',NULL,NULL,NULL,'1','1','1','2023-04-26 05:38:13','1','2023-04-26 05:38:13'),('529b37ec5d0c4397ad01dcb6cd79bfa3','VALIDATE_STATUS','验证状态',NULL,NULL,'1','全部已验证',NULL,NULL,NULL,'1','1','1','2023-04-26 05:34:09','1','2023-04-26 05:34:09'),('52e859f4caa244fa843430ec18e7a876','COMMON_STATUS','状态字典',NULL,NULL,'0','无效',NULL,NULL,NULL,'1','1',NULL,NULL,NULL,NULL),('5585ac95540948e38802c31ed0b608cd','MENU_LEVEL','字典级别',NULL,NULL,'1','一级',NULL,NULL,NULL,'1','1','1',NULL,'1',NULL),('570e0909dc5c4a438ca925f8dcb356b4','ORG_TYPE','机构类型',NULL,NULL,'E','企业',NULL,NULL,NULL,'1','1','1','2023-04-27 10:02:25','1','2023-04-27 10:02:25'),('57479a6dd7ea43ccaea343c330c1f16b','USER_STATUS','用户状态',NULL,NULL,'0','失效',NULL,NULL,NULL,'1','1','1','2023-04-26 05:36:42','1','2023-04-26 05:36:42'),('59bb5f6734874a45b23af433b9d57e2d','USER_STATUS','用户状态',NULL,NULL,'4','锁定',NULL,NULL,NULL,'1','1','1','2023-04-26 05:38:30','1','2023-04-26 05:38:30'),('5eac786539b74d81a31876e36686f7c9','USER_TYPE','用户类型',NULL,NULL,'T','租户用户',NULL,NULL,NULL,'1','1','1','2023-04-26 05:39:55','1','2023-04-26 05:39:55'),('5fab0f54268e4a0f943ceec48afe6c56','USER_STATUS','用户状态',NULL,NULL,'2','初始状态',NULL,NULL,NULL,'1','1','1','2023-04-26 05:37:46','1','2023-04-26 05:37:46'),('6405f1ff889d4da78f26153439c9e745','ROLE_TYPE','角色类型',NULL,NULL,'E','企业端',NULL,NULL,NULL,'1','1','1','2023-04-25 03:34:04','1','2023-04-25 03:34:04'),('6890921dd9d5470a9d152df647582e8e','COMMON_STATUS','状态字典',NULL,NULL,'1','有效',NULL,NULL,NULL,'1','1',NULL,NULL,NULL,NULL),('6adceeda30914da59ee1854235193bfc','COMMON_YN','是否字典',NULL,NULL,'N','否',NULL,NULL,NULL,'1','1','1',NULL,'1',NULL),('82df89ba081c423cb999f1bfa6136a1c','AREA_LEVEL','区域级别',NULL,NULL,'V','村社',NULL,NULL,NULL,'1','1','1','2023-04-26 05:55:52','1','2023-04-26 05:55:52'),('8976530a60f34c3281fb9dffa08a718d','GENDER','性别',NULL,NULL,'U','未知',NULL,NULL,NULL,'1','1','1','2023-04-26 05:28:43','1','2023-04-26 05:28:43'),('8b4d9deeb47f4b66aa99d74237a6daa0','VALIDATE_STATUS','验证状态',NULL,NULL,'3','邮箱已验证',NULL,NULL,NULL,'1','1','1','2023-04-26 05:35:05','1','2023-04-26 05:35:05'),('8eff871334f64f60a9bb71b3de248d08','USER_TYPE','用户类型',NULL,NULL,'S','系统用户',NULL,NULL,NULL,'1','1','1','2023-04-26 05:39:36','1','2023-04-26 05:39:36'),('9f0335d8f93c45ac9bee1a8e21763c27','SYS_PROVINCE','省份',NULL,NULL,'25','浙江省',NULL,NULL,NULL,'1','1',NULL,NULL,NULL,NULL),('a0f6083f31714a198ee61af9c4cc5e62','RIGHT_TYPE','权限资源类型',NULL,NULL,'2','服务地址',NULL,NULL,NULL,'1','1','1','2023-04-25 10:58:00','1','2023-04-25 11:19:24'),('a3eb49f1074f44768a17aaf09e64159b','LOGIN_RESULT','登录结果',NULL,NULL,'0','密码错误',NULL,NULL,NULL,'1','1','1','2023-06-09 10:59:34','1','2023-06-09 04:39:31'),('a825bf4a0a044abba027c5dbb5737711','RIGHT_TYPE','权限资源类型',NULL,NULL,'1','菜单',NULL,NULL,NULL,'1','1','1','2023-04-25 10:51:17','1','2023-04-25 11:40:48'),('ac6246143ad04a0a9fd3679b4bc97763','ORG_TYPE','机构类型',NULL,NULL,'D','部门',NULL,NULL,NULL,'1','1','1','2023-04-27 10:03:05','1','2023-04-27 10:03:05'),('b5b4867625904c93a194139d3f5c0038','ORG_TYPE','机构类型',NULL,NULL,'S','分公司',NULL,NULL,NULL,'1','1','1','2023-04-27 10:02:45','1','2023-04-27 10:02:45'),('c3a223628fc140e9a18641f190c69dea','LOGIN_RESULT','登录结果',NULL,NULL,'1','登录成功',NULL,NULL,NULL,'1','1','1','2023-06-09 10:59:14','1','2023-06-09 10:59:14'),('c502449aceff435d9ab0d52c25f89a9c','SYS_CITY','地市','SYS_PROVINCE','10','100','北京市',NULL,NULL,NULL,'1','1',NULL,NULL,NULL,NULL),('c676ffae8f8143cea4ffd7d26716c708','GENDER','性别',NULL,NULL,'F','女',NULL,NULL,NULL,'1','1','1','2023-04-26 05:28:23','1','2023-04-26 05:28:23'),('c860b437914a420ca4158f7d119037b6','SYS_PROVINCE','省份',NULL,NULL,'10','北京市',NULL,NULL,NULL,'1','1',NULL,NULL,NULL,NULL),('d32c9e5add664517aab32ecb1052827f','AREA_LEVEL','区域级别',NULL,NULL,'C','国家/地区',NULL,NULL,NULL,'1','1','1','2023-04-26 05:54:08','1','2023-04-26 05:54:08'),('daefee6011c24f4a8df41a14aa898952','MENU_LEVEL','菜单级别',NULL,NULL,'3','三级',NULL,NULL,NULL,'1','1','1','2023-04-25 10:39:20','1','2023-04-25 10:39:20'),('dc81ec8312e94d2eaca1753771363ae1','MENU_LEVEL','菜单级别',NULL,NULL,'2','二线',NULL,NULL,NULL,'1','1','1','2023-04-25 00:00:00','1','2023-04-25 00:00:00'),('dd2bc39dd4064dcfaa83674457ccae3c','AREA_LEVEL','区域级别',NULL,NULL,'P','省市',NULL,NULL,NULL,'1','1','1','2023-04-26 05:54:35','1','2023-04-26 05:54:35'),('ed79080f53b54f19b74bed0ae179cad9','COMMON_YN','是否字典',NULL,NULL,'Y','是',NULL,NULL,NULL,'1','1','1',NULL,'1',NULL),('ee41a1162974425ca3b310872f8da928','RIGHT_TYPE','权限资源类型',NULL,NULL,'3','按钮',NULL,NULL,NULL,'1','1','1','2023-04-25 10:52:12','1','2023-04-25 10:52:12'),('f4ef5f1109ab42209b840dde9bc068c9','SYS_CITY','地市','SYS_PROVINCE','25','576','台州市',NULL,NULL,NULL,'1','1',NULL,NULL,NULL,NULL),('f66754ab2b99401994bbc688df371429','HTTP_METHOD','请求类型',NULL,NULL,'POST','POST',NULL,NULL,NULL,'1','1','1','2023-04-25 11:44:37','1','2023-04-25 11:44:37'),('ff225ed50a69490d80f9f7afbdeb7724','LOGIN_RESULT','登录结果',NULL,NULL,'2','状态异常',NULL,NULL,NULL,'1','1','1','2023-06-09 18:02:28','1','2023-06-09 18:02:28');
/*!40000 ALTER TABLE `sys_dict` ENABLE KEYS */;
UNLOCK TABLES;

--
-- Dumping data for table `sys_login_log`
--

LOCK TABLES `sys_login_log` WRITE;
/*!40000 ALTER TABLE `sys_login_log` DISABLE KEYS */;
/*!40000 ALTER TABLE `sys_login_log` ENABLE KEYS */;
UNLOCK TABLES;

--
-- Dumping data for table `sys_operation_log`
--

LOCK TABLES `sys_operation_log` WRITE;
/*!40000 ALTER TABLE `sys_operation_log` DISABLE KEYS */;
/*!40000 ALTER TABLE `sys_operation_log` ENABLE KEYS */;
UNLOCK TABLES;

--
-- Dumping data for table `sys_organization`
--

LOCK TABLES `sys_organization` WRITE;
/*!40000 ALTER TABLE `sys_organization` DISABLE KEYS */;
INSERT INTO `sys_organization` VALUES ('07f13f8187534f20b5eafd74d7fb5dbf','1001S01','zPaaS软件技术（北京）有限公司','1','04f1be35b9444a68ae5e4b313b305e20','S',NULL,NULL,NULL,'1',NULL,'ZPBJ','zPaaS软件北京','1','1','2023-04-27 10:48:53','1','2025-04-22 10:09:32'),('1','1001','zPaaS软件技术有限公司','c2a989aade8c4b719cf68815996fed15','04f1be35b9444a68ae5e4b313b305e20','E',NULL,NULL,NULL,'1',NULL,'ZPSW','zPaaS软件','1',NULL,NULL,'1','2025-04-22 10:07:16'),('1a6a6433def849dfb93d0f3abddfa279','1002','zPaaS软件技术（杭州）有限公司','1','04f1be35b9444a68ae5e4b313b305e20','E',NULL,NULL,NULL,'1',NULL,'ZPHZ','zPaaS软件杭州','1',NULL,NULL,'1','2025-06-24 03:46:52'),('2','1001D01','架构部','1',NULL,'D',NULL,NULL,NULL,'1',NULL,NULL,NULL,'1',NULL,NULL,'loginInfo','2023-04-27 10:52:02'),('298549d823a34afa89987cdbf99a0ec6','1001D0101','架构方案部','2',NULL,'D',NULL,NULL,NULL,'1',NULL,NULL,NULL,'1','1','2023-04-27 10:51:47','1','2023-04-27 10:51:47'),('2b63cf1a583044d096586a7fb366fa1f','zPaaS','zPaaS软件技术有限公司',NULL,'91ff64fd617f4a1d817edced32b892cb','E',NULL,NULL,NULL,'1',NULL,NULL,'zPaaS','a696f4e1f0ff4cd4afbdaaabc73999e7','e59274ee821e48c6a0c30f73543d4c07','2024-08-20 15:22:50','77b32964f7b8480288d65e54f08d7bbb','2025-06-16 04:45:54'),('c2a989aade8c4b719cf68815996fed15','10','zPaaS控股有限公司',NULL,'04f1be35b9444a68ae5e4b313b305e20','E',NULL,NULL,NULL,'1',NULL,'ZPKG','zPaaS控股','1',NULL,NULL,'1','2025-04-22 10:06:08');
/*!40000 ALTER TABLE `sys_organization` ENABLE KEYS */;
UNLOCK TABLES;

--
-- Dumping data for table `sys_password_history`
--

LOCK TABLES `sys_password_history` WRITE;
/*!40000 ALTER TABLE `sys_password_history` DISABLE KEYS */;
/*!40000 ALTER TABLE `sys_password_history` ENABLE KEYS */;
UNLOCK TABLES;

--
-- Dumping data for table `sys_right`
--

LOCK TABLES `sys_right` WRITE;
/*!40000 ALTER TABLE `sys_right` DISABLE KEYS */;
INSERT INTO `sys_right` VALUES ('1','0','系统管理',NULL,NULL,NULL,1,NULL,'S','1',NULL,'1',NULL,NULL,NULL,NULL),('1787c047b6ba442f83873ca54ff5262e','0','基础数据管理','78286280772d4f74b81b28429fb6bd52',NULL,NULL,50,'GET','P','1',NULL,'a696f4e1f0ff4cd4afbdaaabc73999e7','77b32964f7b8480288d65e54f08d7bbb','2024-08-15 17:33:39','77b32964f7b8480288d65e54f08d7bbb','2024-08-15 17:35:50'),('2','1','用户管理','1','/moreMgrFunc.html?funcId=6389c7eff63742f68108ef9920fee050',NULL,1,NULL,'S','1',NULL,'1',NULL,NULL,'1','2023-04-28 09:18:24'),('3','1','角色管理','1','/moreMgrFunc.html?funcId=af67ea632ec841d6a4952e6d6839c569',NULL,2,NULL,'S','1',NULL,'1',NULL,NULL,'1','2023-04-26 09:53:19'),('395fb23b2f5f4075a0016fbb00f3df22','1','数据权限管理','1','/moreMgrFunc.html?funcId=b505ec31e5cd453b84931bc79a4e8cab',NULL,10,NULL,'S','1',NULL,'1','1','2023-04-26 03:12:17','1','2023-04-26 03:12:17'),('3a81c416d2c44fd3bdb0fe33b3b995f5','1','登录日志查询','1','/simpleMgrFunc.html?funcId=22ba7730ead349bdaea8b8d94ccaed87',NULL,60,'GET','S','1',NULL,'1','1','2023-06-09 11:33:14','1','2023-06-09 11:33:14'),('3b5a2b5ffb784cdbb8bd2efbf0f95a6d','1','字典管理','1','/simpleMgrFunc.html?funcId=f878f445df494618ae2fabcbde8f8c7b',NULL,20,NULL,'S','1',NULL,'1',NULL,NULL,'1','2023-04-26 09:53:32'),('3c94e1213bed443fa59fc750a0ec1504','1','AI聊天','6644bf41149e4286b6c33709bfcaae40','/customizedFunc.html?funcId=431f0c9d5cd34a2aaf75e5f5155cdd67',NULL,4400,'GET','P','1',NULL,'1','1','2025-07-22 06:49:56','1','2025-07-22 06:49:56'),('4','1','权限资源管理','1','/simpleMgrFunc.html?funcId=8065e4f71d824596b9a8156cf607b839&params={%22status%22:%221%22}',NULL,3,NULL,'S','1',NULL,'1',NULL,NULL,'1','2025-06-24 03:44:14'),('47cbe26257ef48cd888518b86e63af46','1','租户管理','6edf7001113c48a19d63a089ee32ba21','/simpleMgrFunc.html?funcId=b60a1c855cc349d09962bfe5af84fc84',NULL,0,'GET','A','1',NULL,'1','1','2024-08-07 11:36:10','1','2024-08-07 14:07:47'),('5','0','低代码平台',NULL,NULL,NULL,2,NULL,'S','1',NULL,'1',NULL,NULL,NULL,NULL),('52c0a77c5cc84bbcaf928686491732eb','1','休息申请审批','ae56f9bfcdae4a36ae4472abddb27b6c','/simpleMgrFunc.html?funcId=ba3021ff1f864db880d6ae146303f4c4',NULL,4320,'GET','P','1',NULL,'1','1','2025-06-24 03:39:42','1','2025-06-24 03:39:42'),('6','1','业务系统管理','5','businessSystemMgr.html',NULL,2,NULL,'S','1',NULL,'1',NULL,NULL,'1','2023-04-25 03:14:39'),('63d5dd2091a64de59ffd0d092ea14e3d','1','我的学习记录','6644bf41149e4286b6c33709bfcaae40','/simpleMgrFunc.html?funcId=9decd2ca7ff74f6cb88f48b0c3736ace',NULL,4200,'GET','P','1',NULL,'1','1','2025-06-17 02:55:02','1','2025-06-17 02:55:02'),('6644bf41149e4286b6c33709bfcaae40','0','示例功能',NULL,NULL,NULL,4000,NULL,'P','1',NULL,'1','1','2025-06-17 02:52:28','1','2025-06-17 02:52:28'),('6edf7001113c48a19d63a089ee32ba21','0','平台管理',NULL,NULL,NULL,0,NULL,'A','1',NULL,'1','1','2024-08-07 14:07:03','1','2024-08-07 14:07:03'),('7343f8d98b9d4097be16db11825a2799','1','品牌管理','1787c047b6ba442f83873ca54ff5262e','/simpleMgrFunc.html?funcId=15899210951b496dbc666bc8458e8b42',NULL,550,'GET','P','1',NULL,'a696f4e1f0ff4cd4afbdaaabc73999e7','77b32964f7b8480288d65e54f08d7bbb','2024-08-15 17:34:28','77b32964f7b8480288d65e54f08d7bbb','2024-08-15 17:34:28'),('78286280772d4f74b81b28429fb6bd52','0','测试系统',NULL,NULL,NULL,999,'GET','P','1',NULL,'a696f4e1f0ff4cd4afbdaaabc73999e7','77b32964f7b8480288d65e54f08d7bbb','2024-08-15 17:35:32','77b32964f7b8480288d65e54f08d7bbb','2024-08-15 17:35:32'),('a0a1b1d32625442186a8e5090871a5b2','1','组织机构管理','1','/simpleMgrFunc.html?funcId=93997e8753ce4facaae7464b70dce351',NULL,25,NULL,'S','1',NULL,'1','1','2023-04-27 10:34:19','1','2023-04-27 10:34:41'),('a79788ea75624c84900c725e6c8b5cbc','1','区域管理','1','/simpleMgrFunc.html?funcId=e683164801f14d499daf0df0db25eb90',NULL,23,NULL,'S','1',NULL,'1','1','2023-04-26 06:29:38','1','2023-04-26 06:29:38'),('a87dbd429c904202a0f3c6b354498381','1','业务系统授权','5','/businessSystemGrant.html',NULL,1,'GET','S','1',NULL,'1','1','2024-08-22 09:57:38','1','2024-08-22 09:57:38'),('ae56f9bfcdae4a36ae4472abddb27b6c','0','休息管理','6644bf41149e4286b6c33709bfcaae40',NULL,NULL,300,'GET','P','1',NULL,'1','1','2025-06-24 03:37:35','1','2025-07-25 01:52:51'),('b0753ec329b245e9b44c46d6df6646a7','1','我的朋友们','6644bf41149e4286b6c33709bfcaae40','/simpleMgrFunc.html?funcId=f8b5cac777884c23bb7c0c18f474349c',NULL,4100,'GET','P','1',NULL,'1','1','2025-06-17 02:53:49','1','2025-06-17 02:53:49'),('bd3413738d244a26bf44a8c881719817','1','我的休息记录','ae56f9bfcdae4a36ae4472abddb27b6c','/simpleMgrFunc.html?funcId=19615be22efc45bb836f3b9c3bb29f3f',NULL,4310,'GET','P','1',NULL,'1','1','2025-06-24 03:38:39','1','2025-06-24 03:38:39'),('f4d6ecebff28448983caedce175fc618','1','用户管理-平台','6edf7001113c48a19d63a089ee32ba21','/moreMgrFunc.html?funcId=2644daea890f47e18ae9dab6b6c76e17',NULL,10,'GET','A','1',NULL,'1','1','2024-08-15 14:14:10','1','2024-08-15 14:14:10');
/*!40000 ALTER TABLE `sys_right` ENABLE KEYS */;
UNLOCK TABLES;

--
-- Dumping data for table `sys_role`
--

LOCK TABLES `sys_role` WRITE;
/*!40000 ALTER TABLE `sys_role` DISABLE KEYS */;
INSERT INTO `sys_role` VALUES ('1','systemRole','租户管理角色','D','Y',NULL,NULL,'S','1','1',NULL,NULL,NULL,NULL),('2','lcdpRole','低代码用户角色','D','Y',NULL,NULL,'S','1','1',NULL,NULL,NULL,NULL),('31dfbf340f8c43b18c51bc5e77a0779e','PLATFROM_ADMIN_ROLE','平台管理角色','D','N',NULL,'N','A','1','1','1','2024-08-07 11:31:26','1','2024-08-07 11:31:26'),('7ae057e8337b4f68971dd9d2d2f867f6','testRole2','测试角色2','D','Y',NULL,'N','P','1','a696f4e1f0ff4cd4afbdaaabc73999e7','1','2023-04-25 05:29:20','1','2023-04-25 05:29:20'),('a10e5e3f93614371b899c46ff7959508','demo-role','示例功能角色','D',NULL,NULL,NULL,'P','1','1','1','2025-06-17 02:56:48','1','2025-06-17 02:56:48');
/*!40000 ALTER TABLE `sys_role` ENABLE KEYS */;
UNLOCK TABLES;

--
-- Dumping data for table `sys_role_data_right`
--

LOCK TABLES `sys_role_data_right` WRITE;
/*!40000 ALTER TABLE `sys_role_data_right` DISABLE KEYS */;
INSERT INTO `sys_role_data_right` VALUES ('ca238279d46740839d168cff4b9113b0','31dfbf340f8c43b18c51bc5e77a0779e','8e5f2b5cd7ef44959c7f913049df3c25','c4a9babfeeab4c2986b071066ad956b3','1','1','2024-08-07 14:16:33','1','2024-08-07 14:16:33');
/*!40000 ALTER TABLE `sys_role_data_right` ENABLE KEYS */;
UNLOCK TABLES;

--
-- Dumping data for table `sys_role_right`
--

LOCK TABLES `sys_role_right` WRITE;
/*!40000 ALTER TABLE `sys_role_right` DISABLE KEYS */;
INSERT INTO `sys_role_right` VALUES ('013e8020a73543069acadda3e7e0dcdd','8e9def4ceb414666a2cc7e40a504681c','43906dbb10fb4b4fa651bc5e4ff17a4c','1','1','2023-11-22 11:20:20','1','2023-11-22 11:20:20'),('03805e6bb9424036befdd650ef2cd79f','8e9def4ceb414666a2cc7e40a504681c','13c5b20e6ec64192ad65500dd13312ac','1','1','2023-11-06 14:18:37','1','2023-11-06 14:18:37'),('0f18a3af11d44e7989b07d32ee58f4b9','8e9def4ceb414666a2cc7e40a504681c','b47f38dcbc624b4bbec073845b965f7f','1','1','2024-01-18 16:23:58','1','2024-01-18 16:23:58'),('1','1','1','1',NULL,NULL,NULL,NULL),('10407a46295a48f193c039058d63bd53','8e9def4ceb414666a2cc7e40a504681c','3ea4c266aa9a4e7c974776fa56bfac9f','1','1','2023-10-27 14:15:51','1','2023-10-27 14:15:51'),('142bcc2fb182499bb9ce168c3c6ce555','31dfbf340f8c43b18c51bc5e77a0779e','f4d6ecebff28448983caedce175fc618','1','1','2024-08-15 14:14:42','1','2024-08-15 14:14:42'),('14e7d1481288465abf22193c04858ecd','a14392f28025405eaf5b873564c9fbb0','92a6574628b348c1819c235ef5f9f110','1','1','2024-10-31 14:21:45','1','2024-10-31 14:21:45'),('1566d56e281f432f861bbe153d3657d8','a14392f28025405eaf5b873564c9fbb0','e673bb3f91fb4f3ea3c6d447486c719f','1','1','2025-01-09 17:03:39','1','2025-01-09 17:03:39'),('16c6311888db4901a0e70941c90ceb92','8e9def4ceb414666a2cc7e40a504681c','2ce967157c3d49a6974ebdc4a1974c4b','1','1','2023-11-07 14:54:23','1','2023-11-07 14:54:23'),('180dc2d7ea2e499bb987ddc7d5458e6a','8e9def4ceb414666a2cc7e40a504681c','30cc282ef340454da65e1dc6a8482d7e','1','1','2023-11-06 10:12:08','1','2023-11-06 10:12:08'),('1b63a1e2157e48959643f7a1caafd087','8e9def4ceb414666a2cc7e40a504681c','1a3d82573ac541659e96fa5c41003256','1','1','2023-11-07 14:24:05','1','2023-11-07 14:24:05'),('1d1072ff0add402d93aed7974aa54b38','a14392f28025405eaf5b873564c9fbb0','9a53b327630940ff8dc7c484dc01450e','1','1','2025-01-09 17:03:28','1','2025-01-09 17:03:28'),('1eb99485299e4d2fb5fe88209f361b07','8e9def4ceb414666a2cc7e40a504681c','da6a4be30a4243af8ef8d583320b8944','1','1','2024-01-11 11:01:26','1','2024-01-11 11:01:26'),('2','1','2','1',NULL,NULL,NULL,NULL),('2108a75b5af2410b90bd5af4b5600e98','a14392f28025405eaf5b873564c9fbb0','8e8f0ddf93fc41828abd5826ab452fcc','1','1','2025-01-09 17:03:13','1','2025-01-09 17:03:13'),('22e31b7c641e465db1deeed6579751d2','8e9def4ceb414666a2cc7e40a504681c','262e1ff731ec48a39986bc9418347887','1','1','2023-11-07 17:34:53','1','2023-11-07 17:34:53'),('243f5f7cfc6c4d828a8648de23013097','1','3a81c416d2c44fd3bdb0fe33b3b995f5','1','1','2023-06-09 11:34:04','1','2023-06-09 11:34:04'),('24a78d575a204c998e9ab6dc57fb31df','a14392f28025405eaf5b873564c9fbb0','99ea349e8e7c4c9d9ed0cf5147c80bd8','1','1','2025-01-03 15:34:42','1','2025-01-03 15:34:42'),('3','1','3','1',NULL,NULL,NULL,NULL),('347badebb6c04a07a4b8ad7528ef53d5','a14392f28025405eaf5b873564c9fbb0','a5da6b2ef9d1446f9d7640a6a7f63164','1','1','2024-10-31 14:21:45','1','2024-10-31 14:21:45'),('36764f48a777474c8eb8158ed3f760fb','a14392f28025405eaf5b873564c9fbb0','5c7b7d1ea84746d69e832c75c621462f','1','1','2024-11-04 10:39:14','1','2024-11-04 10:39:14'),('4','1','4','1',NULL,NULL,NULL,NULL),('4167bff6c7234c218d76aa8c7fe7f6e2','7ae057e8337b4f68971dd9d2d2f867f6','7343f8d98b9d4097be16db11825a2799','a696f4e1f0ff4cd4afbdaaabc73999e7','77b32964f7b8480288d65e54f08d7bbb','2024-08-15 18:04:05','77b32964f7b8480288d65e54f08d7bbb','2024-08-15 18:04:05'),('489b419a6e8d48a4841bdc9989438bee','a14392f28025405eaf5b873564c9fbb0','31042c1f31dc4041b987baa07d1faefb','1','1','2025-01-09 17:02:35','1','2025-01-09 17:02:35'),('4ab62eb136a0430892fda5b8e48b021c','a10e5e3f93614371b899c46ff7959508','3c94e1213bed443fa59fc750a0ec1504','1','1','2025-07-22 06:50:38','1','2025-07-22 06:50:38'),('4b1ff472bb224ea8998f935ade01b6bb','8e9def4ceb414666a2cc7e40a504681c','aeef0dc5589c44e8afff5edf6fa13d86','1','1','2023-11-06 14:53:57','1','2023-11-06 14:53:57'),('4dba205f00b44713a2aa7a6604bae2b6','a10e5e3f93614371b899c46ff7959508','63d5dd2091a64de59ffd0d092ea14e3d','1','1','2025-06-17 02:56:48','1','2025-06-17 02:56:48'),('4e05b4213f844d3581788964ca87f233','8e9def4ceb414666a2cc7e40a504681c','4735d0eb9d9842a7b056a5b9489c1447','1','1','2024-01-16 18:17:13','1','2024-01-16 18:17:13'),('5','2','5','1',NULL,NULL,NULL,NULL),('508a11ff42aa4b28aace5a37492ce3f7','a10e5e3f93614371b899c46ff7959508','ae56f9bfcdae4a36ae4472abddb27b6c','1','1','2025-06-24 03:47:52','1','2025-06-24 03:47:52'),('528a44cc85954d8593e8890cf59f2b18','1','a79788ea75624c84900c725e6c8b5cbc','1','1','2023-04-26 06:30:13','1','2023-04-26 06:30:13'),('5b093f912d8f47ae991ba40559958317','7fd6598a2910488d80745baaf41d1eac','cc3d7cd134084eb6928c32c5d628b2f0','1','1','2025-04-21 09:04:44','1','2025-04-21 09:04:44'),('6','2','6','1',NULL,NULL,NULL,NULL),('62e3e252a18b439687006b3d7f1c8259','a10e5e3f93614371b899c46ff7959508','b0753ec329b245e9b44c46d6df6646a7','1','1','2025-06-17 02:56:48','1','2025-06-17 02:56:48'),('652db0fd132b44f19b9cad39201014b5','8e9def4ceb414666a2cc7e40a504681c','06af809d2eb9411c9631ed8417b92550','1','1','2024-01-11 11:00:40','1','2024-01-11 11:00:40'),('674737e7e1d24d5ca8ed3323b68f3ead','a10e5e3f93614371b899c46ff7959508','6644bf41149e4286b6c33709bfcaae40','1','1','2025-06-17 02:56:48','1','2025-06-17 02:56:48'),('6d00aad84e144fdd886c9ec92c934d85','8e9def4ceb414666a2cc7e40a504681c','62a3ee4bc6554a5aa3b75b2d1af9464b','1','1','2024-01-12 14:12:23','1','2024-01-12 14:12:23'),('735449728fd94173974d097df82d73d9','1','5','1','1','2024-08-28 16:48:44','1','2024-08-28 16:48:44'),('756c173db0f44c7291dd38d72973a1da','8e9def4ceb414666a2cc7e40a504681c','d2a6d438ea424e90840cb071b54319c6','1','1','2023-11-06 11:28:52','1','2023-11-06 11:28:52'),('77b2ef33d9a24d95b09df2267c58bef4','8e9def4ceb414666a2cc7e40a504681c','cba83b5a176b42b29d102f510bf8d157','1','1','2023-11-24 11:36:51','1','2023-11-24 11:36:51'),('7b483931080e4818841cca872cc6760a','7fd6598a2910488d80745baaf41d1eac','d7cc72f96bc347bbb737634e9eff48fd','1','1','2025-04-21 09:04:44','1','2025-04-21 09:04:44'),('832fee32e2c148b68d0a1132135acdb0','8e9def4ceb414666a2cc7e40a504681c','00677fe2c2e54e5393a2db70a5bd61a1','1','1','2023-10-27 14:15:51','1','2023-10-27 14:15:51'),('85395b241b43486cb45f8dd7816c980c','a14392f28025405eaf5b873564c9fbb0','5cab0ab3927c46f0a7d6821e17f5e62f','1','1','2025-01-09 17:02:49','1','2025-01-09 17:02:49'),('8625a16bb5b34bff91c7c9c8e53936d8','a10e5e3f93614371b899c46ff7959508','bd3413738d244a26bf44a8c881719817','1','1','2025-06-24 03:48:26','1','2025-06-24 03:48:26'),('8c6d1bc7ee244c3391fe425ec9b63784','8e9def4ceb414666a2cc7e40a504681c','bc885d27fbed4a93b4e2d278934d2341','1','1','2023-11-07 17:34:39','1','2023-11-07 17:34:39'),('8f984d7a11e946e2a092582b44fc5f3e','1','395fb23b2f5f4075a0016fbb00f3df22','1','1','2023-04-26 03:12:51','1','2023-04-26 03:12:51'),('987edb91cb1f46b8abffd33954793ccc','1','a0a1b1d32625442186a8e5090871a5b2','1','1','2023-04-27 10:35:20','1','2023-04-27 10:35:20'),('99c09fc907604455b4db7231f23c243e','8e9def4ceb414666a2cc7e40a504681c','d9805974f9344491b56d04f23db95947','1','1','2024-01-11 11:01:03','1','2024-01-11 11:01:03'),('9ca04a5a33664cb69c5acee3f2f5f77d','a14392f28025405eaf5b873564c9fbb0','895d612151464f9ba0b8495131fe8c2a','1','1','2025-01-09 17:03:01','1','2025-01-09 17:03:01'),('9e3c071a118c4782b8aaa79e72630f29','1','a87dbd429c904202a0f3c6b354498381','1','1','2024-08-28 16:49:12','1','2024-08-28 16:49:12'),('a536367b28d14128bc4421994985e2cb','8e9def4ceb414666a2cc7e40a504681c','55ad70e22f4e4a0dba2b285535c2d443','1','1','2023-10-27 15:38:39','1','2023-10-27 15:38:39'),('a9acbbeefd8349d38105972371da3bc2','8e9def4ceb414666a2cc7e40a504681c','b095c0fbe3264248ba9764cc0b11e065','1','1','2023-11-06 11:28:36','1','2023-11-06 11:28:36'),('acab8803d4484656a3c330f116004781','8e9def4ceb414666a2cc7e40a504681c','adc823e2265d43bbbc3b1e4f441cdd16','1','1','2023-10-27 14:15:51','1','2023-10-27 14:15:51'),('ad3ef916092f4d2aa8f7248a67c9ab4f','a10e5e3f93614371b899c46ff7959508','52c0a77c5cc84bbcaf928686491732eb','1','1','2025-06-24 03:48:10','1','2025-06-24 03:48:10'),('aea79fb573604dd389d28e396988fb8b','1','3b5a2b5ffb784cdbb8bd2efbf0f95a6d','1','1','2023-04-26 02:19:27','1','2023-04-26 02:19:27'),('b1879383abbc4dab9f0c3282c25b2ad9','7ae057e8337b4f68971dd9d2d2f867f6','78286280772d4f74b81b28429fb6bd52','a696f4e1f0ff4cd4afbdaaabc73999e7','77b32964f7b8480288d65e54f08d7bbb','2024-08-15 18:03:34','77b32964f7b8480288d65e54f08d7bbb','2024-08-15 18:03:34'),('b5dd6d0ce5ee4e08877d8052b984a490','8e9def4ceb414666a2cc7e40a504681c','71d4d3c311944e98842d0eea8b495ec7','1','1','2023-10-27 17:56:15','1','2023-10-27 17:56:15'),('babcf7d71aa54d0480f94185b1d727f3','a14392f28025405eaf5b873564c9fbb0','08bff7f92b36411d9f96f58fe7f05cd1','1','1','2025-01-09 17:02:21','1','2025-01-09 17:02:21'),('c8c542ab4dbd4028bcd25112b153acf4','8e9def4ceb414666a2cc7e40a504681c','09ee10245faf4c56abc465da03a322cb','1','1','2024-01-11 11:01:47','1','2024-01-11 11:01:47'),('cdd3d02dbe0144109f6e625b3dde7c0f','8e9def4ceb414666a2cc7e40a504681c','d47f526505f84a779b6778f22f0afd82','1','1','2024-02-26 11:34:38','1','2024-02-26 11:34:38'),('d8eeff9b5ec64a7e823cec88b7c9786a','a14392f28025405eaf5b873564c9fbb0','f6bc9be7eece45408a0016b53ef0eabe','1','1','2025-03-11 14:55:49','1','2025-03-11 14:55:49'),('d91812a39f3f4a6b8a3e02539e32cac7','8e9def4ceb414666a2cc7e40a504681c','80ad2be5b345473d886e86409257b549','1','1','2023-11-06 10:12:28','1','2023-11-06 10:12:28'),('d979f2ce5e8e499087627bba1a607e90','31dfbf340f8c43b18c51bc5e77a0779e','6edf7001113c48a19d63a089ee32ba21','1','1','2024-08-07 14:08:32','1','2024-08-07 14:08:32'),('da15790e0ed14816aa32eea1da18f2c2','31dfbf340f8c43b18c51bc5e77a0779e','47cbe26257ef48cd888518b86e63af46','1','1','2024-08-07 11:36:45','1','2024-08-07 11:36:45'),('fa6b87fd308f47e2b5ee4bdd7fb500e3','7ae057e8337b4f68971dd9d2d2f867f6','1787c047b6ba442f83873ca54ff5262e','a696f4e1f0ff4cd4afbdaaabc73999e7','77b32964f7b8480288d65e54f08d7bbb','2024-08-15 18:03:49','77b32964f7b8480288d65e54f08d7bbb','2024-08-15 18:03:49');
/*!40000 ALTER TABLE `sys_role_right` ENABLE KEYS */;
UNLOCK TABLES;

--
-- Dumping data for table `sys_tenant`
--

LOCK TABLES `sys_tenant` WRITE;
/*!40000 ALTER TABLE `sys_tenant` DISABLE KEYS */;
INSERT INTO `sys_tenant` VALUES ('1','平台管理系统租户','平台管理系统租户','1','1','2024-08-07 11:04:28','1','2024-08-07 11:26:53'),('a696f4e1f0ff4cd4afbdaaabc73999e7','示例系统租户','合作管理业务租户','1','1','2024-08-07 17:18:05','1','2025-06-16 03:24:56');
/*!40000 ALTER TABLE `sys_tenant` ENABLE KEYS */;
UNLOCK TABLES;

--
-- Dumping data for table `sys_user`
--

LOCK TABLES `sys_user` WRITE;
/*!40000 ALTER TABLE `sys_user` DISABLE KEYS */;
INSERT INTO `sys_user` VALUES ('1','admin','1','2','S','Y','平台管理员','f59a448a9c36d578b3e0d26f855b31c8a9771660a7989d9f6e3079d6bb627a98','1','1','M',NULL,NULL,NULL,NULL,NULL,NULL,'1',NULL,NULL,'1','2025-07-30 01:42:37'),('5df6ddead0d74ae8bb993e9d2af9eb5e','demo','1','2','T',NULL,'示例用户','fd92fca7c804cd280f086b821bac67ff34b42eecd0a3c389a9f682339f3757b0','1','2','M',NULL,NULL,NULL,NULL,NULL,NULL,'1','1','2024-08-09 15:09:47','5df6ddead0d74ae8bb993e9d2af9eb5e','2025-06-17 03:04:47'),('6534f4967b3743be86d3f4944f0fe72c','demo1','1a6a6433def849dfb93d0f3abddfa279',NULL,'T',NULL,'示例用户1','fd92fca7c804cd280f086b821bac67ff34b42eecd0a3c389a9f682339f3757b0','1','1','U',NULL,NULL,NULL,NULL,NULL,NULL,'1','1','2025-06-24 03:32:48','6534f4967b3743be86d3f4944f0fe72c','2025-06-24 03:33:20'),('77b32964f7b8480288d65e54f08d7bbb','tenantAdmin','1a6a6433def849dfb93d0f3abddfa279','298549d823a34afa89987cdbf99a0ec6','T','Y','租户管理员','f59a448a9c36d578b3e0d26f855b31c8a9771660a7989d9f6e3079d6bb627a98','1','1','M',NULL,NULL,NULL,NULL,NULL,NULL,'a696f4e1f0ff4cd4afbdaaabc73999e7','1','2024-08-15 15:38:41','77b32964f7b8480288d65e54f08d7bbb','2025-07-30 01:45:03'),('daf535a9b0144f56bfe62a4965651229','demoUser','2b63cf1a583044d096586a7fb366fa1f',NULL,'T','N','demoUser','daf62224e48ebb28f8ca625b47afc8ab4fd35aaed7f3a539a195b0696bdd7d1c','1','1','U',NULL,NULL,NULL,NULL,NULL,NULL,'a696f4e1f0ff4cd4afbdaaabc73999e7','77b32964f7b8480288d65e54f08d7bbb','2025-06-16 04:47:52','daf535a9b0144f56bfe62a4965651229','2025-06-16 04:49:29');
/*!40000 ALTER TABLE `sys_user` ENABLE KEYS */;
UNLOCK TABLES;

--
-- Dumping data for table `sys_user_data_right`
--

LOCK TABLES `sys_user_data_right` WRITE;
/*!40000 ALTER TABLE `sys_user_data_right` DISABLE KEYS */;
/*!40000 ALTER TABLE `sys_user_data_right` ENABLE KEYS */;
UNLOCK TABLES;

--
-- Dumping data for table `sys_user_data_rigth`
--

LOCK TABLES `sys_user_data_rigth` WRITE;
/*!40000 ALTER TABLE `sys_user_data_rigth` DISABLE KEYS */;
/*!40000 ALTER TABLE `sys_user_data_rigth` ENABLE KEYS */;
UNLOCK TABLES;

--
-- Dumping data for table `sys_user_right`
--

LOCK TABLES `sys_user_right` WRITE;
/*!40000 ALTER TABLE `sys_user_right` DISABLE KEYS */;
/*!40000 ALTER TABLE `sys_user_right` ENABLE KEYS */;
UNLOCK TABLES;

--
-- Dumping data for table `sys_user_role`
--

LOCK TABLES `sys_user_role` WRITE;
/*!40000 ALTER TABLE `sys_user_role` DISABLE KEYS */;
INSERT INTO `sys_user_role` VALUES ('03d909713209429db73a00a2a8566307','1','1','1','1','2024-08-28 18:04:47','1','2024-08-28 18:04:47'),('0995bb890176456081cfef8324cbbe88','77b32964f7b8480288d65e54f08d7bbb','1','a696f4e1f0ff4cd4afbdaaabc73999e7','1','2024-08-15 15:38:41','1','2024-08-15 15:38:41'),('2521d7fbd21a4709bcc998c7b0097b8d','6534f4967b3743be86d3f4944f0fe72c','2','1','1','2025-06-24 03:34:37','1','2025-06-24 03:34:37'),('25506f92b62443e8832c192a004b248c','1','31dfbf340f8c43b18c51bc5e77a0779e','1','1','2024-08-28 18:04:36','1','2024-08-28 18:04:36'),('35c4f60c7079476197a4840eed0361cb','ca5f3f3844fd47178986b1c15fe33f0d','1','a696f4e1f0ff4cd4afbdaaabc73999e7','1','2024-08-20 14:30:29','1','2024-08-20 14:30:29'),('35f16c2bfb474290b35a0ac5cb34b14c','daf535a9b0144f56bfe62a4965651229','2','a696f4e1f0ff4cd4afbdaaabc73999e7','77b32964f7b8480288d65e54f08d7bbb','2025-06-16 04:51:14','77b32964f7b8480288d65e54f08d7bbb','2025-06-16 04:51:14'),('40694a4943cf4940998cf340a75d89ad','1','2','1','1','2024-08-28 18:05:01','1','2024-08-28 18:05:01'),('434009083d364dbaaf01655d0d473ec5','e59274ee821e48c6a0c30f73543d4c07','2','a696f4e1f0ff4cd4afbdaaabc73999e7','77b32964f7b8480288d65e54f08d7bbb','2024-08-28 17:57:26','77b32964f7b8480288d65e54f08d7bbb','2024-08-28 17:57:26'),('557c4ee4ffc14b23ad26fc99d3a2af86','6534f4967b3743be86d3f4944f0fe72c','a10e5e3f93614371b899c46ff7959508','1','1','2025-06-24 03:32:48','1','2025-06-24 03:32:48'),('6117ae6811ec457583a50266d78600bb','1','a10e5e3f93614371b899c46ff7959508','1','1','2025-06-17 02:58:31','1','2025-06-17 02:58:31'),('814878f51f2a410aab8420050c5f743c','77b32964f7b8480288d65e54f08d7bbb','2','a696f4e1f0ff4cd4afbdaaabc73999e7','77b32964f7b8480288d65e54f08d7bbb','2024-08-15 16:59:48','77b32964f7b8480288d65e54f08d7bbb','2024-08-15 16:59:48'),('cd1808f68b9244aab68e6c58225ff264','5df6ddead0d74ae8bb993e9d2af9eb5e','2','1','1','2025-06-17 03:02:23','1','2025-06-17 03:02:23'),('d2f5d4bfa8884c9ab2464ed17573e3b5','5df6ddead0d74ae8bb993e9d2af9eb5e','a10e5e3f93614371b899c46ff7959508','1','1','2025-06-17 03:02:43','1','2025-06-17 03:02:43');
/*!40000 ALTER TABLE `sys_user_role` ENABLE KEYS */;
UNLOCK TABLES;
/*!40103 SET TIME_ZONE=@OLD_TIME_ZONE */;

/*!40101 SET SQL_MODE=@OLD_SQL_MODE */;
/*!40014 SET FOREIGN_KEY_CHECKS=@OLD_FOREIGN_KEY_CHECKS */;
/*!40014 SET UNIQUE_CHECKS=@OLD_UNIQUE_CHECKS */;
/*!40101 SET CHARACTER_SET_CLIENT=@OLD_CHARACTER_SET_CLIENT */;
/*!40101 SET CHARACTER_SET_RESULTS=@OLD_CHARACTER_SET_RESULTS */;
/*!40101 SET COLLATION_CONNECTION=@OLD_COLLATION_CONNECTION */;
/*!40111 SET SQL_NOTES=@OLD_SQL_NOTES */;

-- Dump completed on 2025-07-30  9:55:36
